Time,Bytes
0.022857572,0
0.016330049,0
0.000255159,240
0.000232484,160
0.000232484,160
0.000232484,160
0.000232484,160
0.000317832,240
0.000372281,160
0.000372281,160
