Time,Bytes
0.000214874,0
0.000147651,0
2.92E-05,240
4.22E-05,160
4.22E-05,160
4.22E-05,160
4.22E-05,160
2.29E-05,240
7.47E-05,160
7.47E-05,160
